Name,Achilles tendon stress,Ankle plantar/dorsiflexion angle,Ankle in/eversion angle,Ankle plantar/dorsiflexion moment,Ankle in/eversion moment,Ankle power,A/P GRF,M/L GRF,Vertical GRF,Knee flex/extension angle,Knee in/external rotation angle,A/P pelvic lean,Ipsi/contralateral pelvic lean,EMG activation for tibialis anterior ,EMG activation for gastrocnemius,EMG activation for soleus
1,25.26655767,9.2418,6.17919,1.52331,-0.306431,-7.68201,-0.197971,-1.25808,10.3199,46.0028,16.5583,25.2059,3.43317,0.936623638,0.926832146,0.964636309
2,15.45379477,11.3902,6.33971,1.94331,-0.351634,-9.79564,-0.0643513,-2.02887,12.5048,46.1789,17.709,25.2186,3.08491,0.925237217,0.904401253,0.97375911
3,12.06283328,13.5031,6.49722,2.28237,-0.414227,-11.1538,-0.170759,-1.75726,14.9972,46.3761,18.9132,25.3094,2.71512,0.918290025,0.879354872,0.982496183
4,14.65702389,14.5132,4.75659,3.21312,-0.385794,21.7868,-0.0163305,-6.24887,18.43,30.9974,23.3255,27.8665,-8.1956,0.909156748,0.318474196,0.939041341
5,20.87748832,11.9641,4.33983,2.98707,-0.359261,23.9277,-0.00671512,-6.29226,16.937,28.4344,22.3001,27.7176,-9.08792,0.914045264,0.289510389,0.928987317
6,50.61254721,9.02761,3.89253,2.71848,-0.331139,25.0959,-0.0131769,-6.19476,15.2547,25.7465,21.1316,27.566,-9.99698,0.913783738,0.264123531,0.918428879
7,51.26267054,7.83282,-0.625194,0.836504,-0.632915,-2.12709,-1.31153,-0.765855,24.2558,33.6866,-2.64056,17.6905,8.5086,0.967950502,0.991031648,0.997654785
8,17.08983726,8.67919,-0.648761,0.71168,-0.50507,-2.22346,-1.57374,-0.898092,15.8242,35.2557,-1.86319,17.4226,8.72341,0.955767402,0.993818072,0.996348986
9,10.69299705,9.71171,-0.646106,0.773603,-0.408754,-2.79875,-0.37577,0.0910869,13.146,36.8691,-1.04363,17.1737,8.97248,0.942708696,0.995899497,0.994997919
10,10.50733336,14.3376,-0.12178,2.17826,-0.281736,16.48,0.0213326,-3.48794,12.7667,29.4204,-4.92154,18.3036,6.82276,0.740768446,0.920488607,0.802166233
11,13.97202262,11.9065,-0.274021,1.9129,-0.240867,15.804,-0.00755554,-3.42693,11.009,27.9865,-5.84346,18.2077,6.31459,0.738298193,0.902101088,0.783935539
12,27.64008229,9.25945,-0.433565,1.62867,-0.200628,14.3723,-0.00446213,-3.22941,9.20505,26.573,-6.75656,18.0895,5.81962,0.735259666,0.883281937,0.767569525
13,2.687682961,28.8178,3.38057,3.42589,0.0570739,21.1642,0.927949,-7.73583,19.6377,24.8592,10.9009,15.1168,-9.20128,0.546894104,0.84768166,0.802768281
14,2.855408559,26.348,3.02561,3.25031,0.0536877,27.189,0.716552,-7.9451,17.955,21.9406,8.86366,15.418,-10.0857,0.524656393,0.835637817,0.78300048
15,3.140718046,23.179,2.65285,3.01378,0.0454903,32.2155,0.420372,-7.94051,16.0059,18.973,6.56156,15.8063,-10.9546,0.502025906,0.823185584,0.762763548
16,3.714203182,19.2009,2.26264,2.70867,0.0389625,34.9961,0.147139,-7.60158,13.9129,16.0017,4.00594,16.2836,-11.7926,0.480429043,0.808840903,0.742204869
17,5.299394381,14.3419,1.86248,2.32621,0.0294553,34.4126,-0.0794147,-6.84954,11.7182,13.0873,1.23195,16.8486,-12.584,0.461941916,0.792381348,0.721673174
18,22.11054298,8.62667,1.46727,1.87513,0.0190045,30.1914,-0.229418,-5.84298,9.37691,10.3129,-1.68437,17.4954,-13.3122,0.447769437,0.77442315,0.701110343
19,2.682244479,26.082,-0.332588,3.22429,0.024314,18.2556,1.13836,-7.12399,18.693,33.8244,4.62832,25.185,-2.96041,0.750911857,0.886008464,0.945060568
20,2.799984879,24.3705,-0.639321,3.07765,0.0296646,22.2948,1.06488,-7.25921,17.5849,31.4466,4.13696,24.9985,-3.28735,0.735929187,0.87043502,0.935710119
21,3.005258696,22.1238,-0.947471,2.89126,0.0343316,25.8327,0.980476,-7.28797,16.297,28.9133,3.47234,24.8105,-3.65598,0.721027124,0.854349469,0.925619412
22,3.396221864,19.28,-1.24849,2.66699,0.0366128,28.3892,0.850111,-7.17384,14.8253,26.2528,2.60037,24.6353,-4.06132,0.712568515,0.838948808,0.912496034
23,4.261196106,15.8037,-1.53312,2.40436,0.0392078,29.4438,0.699379,-6.90264,13.193,23.4993,1.49291,24.4854,-4.49531,0.711717113,0.825282231,0.896715233
24,7.107517685,11.7013,-1.7916,2.10682,0.0347543,28.7182,0.50707,-6.44018,11.4384,20.6955,0.136972,24.3709,-4.94727,0.710976544,0.811882116,0.880351094
25,56.00640162,7.49627,4.4391,0.587605,-0.0545942,-3.18558,0.5276,-0.00644692,4.63418,38.277,-5.17692,23.5138,7.73934,0.728405921,0.947978157,0.957351298
26,8.145561774,9.57233,4.53256,0.93904,-0.0834778,-5.53148,0.668846,-0.326815,6.77426,38.3934,-4.59383,23.3473,7.8161,0.715527257,0.959036944,0.965535111
27,5.556709339,18.034,1.91373,2.93091,-0.116466,25.4594,1.00949,-7.06509,16.1637,22.599,-0.460784,23.6946,-1.64936,0.772765762,0.921164688,0.951664356
28,6.842414521,15.0978,1.74751,2.64903,-0.100438,26.0265,0.876426,-6.81596,14.3406,20.4213,-1.68599,23.4496,-2.19588,0.803413305,0.910265084,0.944449679
29,10.34915085,11.7814,1.59909,2.33064,-0.0864506,25.2906,0.716494,-6.37795,12.3801,18.2793,-3.0197,23.2088,-2.71114,0.832813679,0.899100175,0.930397211
30,47.46210787,8.11507,1.46944,1.98758,-0.0743084,23.266,0.544367,-5.7483,10.3191,16.2183,-4.43061,22.9791,-3.18952,0.861144114,0.887683226,0.914386281
31,2.66590489,22.7098,1.17466,2.91163,0.0240997,15.6225,0.728617,-3.71668,18.584,33.034,16.3606,24.6922,9.1453,0.501014677,0.820947929,0.958823648
32,2.836750178,20.5675,0.918703,2.6876,0.0250365,17.8688,0.699836,-4.05271,17.1271,30.7329,14.8485,24.404,8.70877,0.482842415,0.797893273,0.953364107
33,3.154186219,18.0258,0.655688,2.43743,0.0258655,19.2817,0.66356,-4.31567,15.4968,28.3314,13.1952,24.0481,8.26594,0.466567517,0.774424373,0.94505106
34,3.807442154,15.0849,0.38833,2.1577,0.0268851,19.5758,0.630075,-4.46934,13.7466,25.8568,11.4262,23.6259,7.81874,0.452871147,0.750526435,0.934727932
35,5.650128753,11.76,0.121076,1.8568,0.0263033,18.6849,0.590897,-4.47533,11.8645,23.3423,9.57731,23.14,7.36881,0.439563677,0.726677812,0.923036131
36,25.96728091,8.08799,-0.139741,1.54216,0.0204096,16.7112,0.551756,-4.30327,9.83733,20.827,7.69238,22.5938,6.91775,0.425973371,0.702178233,0.907682751
37,10.75633628,9.34517,3.68293,2.2089,-0.111029,-11.3803,0.484534,1.23792,15.3288,28.8348,10.4955,13.4137,3.72542,0.662762715,0.999455685,0.999934239
38,5.963629869,11.466,3.68859,2.47098,-0.105905,-12.5727,0.238382,1.05842,16.7897,29.5482,11.3449,13.6048,3.71557,0.677008359,0.998301078,0.999907161
39,4.462060159,13.5082,3.68153,2.73418,-0.0975266,-13.4726,0.138254,0.873775,18.3435,30.2185,12.2358,13.8299,3.65868,0.692150235,0.996976028,0.999106421
40,4.521173081,15.0539,2.72436,3.44109,0.0929836,23.3739,0.0508424,-5.8964,19.7037,22.7826,13.9964,16.6392,-1.71089,0.910194349,0.969903233,0.953112247
41,6.294900808,12.3386,2.60635,3.14406,0.0923479,24.4993,0.0539082,-5.86229,17.8661,21.1366,13.0202,16.5717,-2.24117,0.918730672,0.96388278,0.944470448
42,13.9653023,9.30286,2.48164,2.80924,0.0881209,24.3068,0.0523317,-5.69365,15.8513,19.4338,12.0226,16.4823,-2.77197,0.927172945,0.957581922,0.934849968
43,2.166175473,23.3982,-0.158098,1.81021,0.117657,13.5648,0.301314,-4.01632,11.1349,26.9755,-5.53526,14.3922,-0.844294,0.972987282,0.642388885,0.949627563
44,2.315941336,20.8928,-0.432118,1.64858,0.111104,13.344,0.215314,-3.84356,10.082,26.0774,-6.15018,14.1687,-1.25869,0.97568099,0.619781719,0.94143169
45,2.509975637,18.1933,-0.699888,1.44545,0.0969954,12.2585,0.136824,-3.46053,8.93406,25.2755,-6.73883,13.9475,-1.64956,0.978397971,0.595946722,0.933235817
46,2.80465876,15.3763,-0.952524,1.20938,0.0806812,10.4335,0.0745936,-3.01444,7.58723,24.5828,-7.28364,13.7324,-2.01257,0.981743289,0.57053206,0.924828409
47,3.37619201,12.5314,-1.18096,0.952722,0.059705,8.13155,0.0137497,-2.47932,6.07675,24.0126,-7.76645,13.5275,-2.3438,0.984937341,0.543929059,0.915457839
48,5.158176137,9.75459,-1.37702,0.690805,0.0418749,5.65641,-0.00624518,-1.88939,4.56249,23.5796,-8.16939,13.3363,-2.63971,0.987945218,0.515592016,0.905187119
49,3.215108617,10.9478,3.40822,0.728277,0.24379,-1.44461,2.0642,-2.50707,14.3326,36.7884,2.40069,24.7443,11.3573,0.996969473,0.951786022,0.991028992
50,4.304398292,11.9647,3.5196,1.24186,0.421808,-3.70857,1.05948,-3.20056,26.8028,37.7722,4.33626,25.0793,11.5447,0.993080745,0.961119843,0.996930033
51,3.047602581,22.8784,3.59222,2.82503,0.42782,28.2673,1.07185,-7.28652,15.2542,24.7164,10.1419,29.6424,4.17018,0.491181302,0.885749505,0.79476501
52,3.586593599,18.9919,3.56517,2.52941,0.382478,29.0188,0.850442,-7.09164,13.1966,22.3325,8.84326,29.5217,3.5101,0.48532206,0.869864783,0.779019393
53,4.951382206,14.4453,3.50367,2.16842,0.319883,27.5994,0.618114,-6.55608,10.9067,19.8639,7.33544,29.362,2.85307,0.484811832,0.853985445,0.763152546
54,13.48211921,9.35305,3.4011,1.73162,0.240657,23.6546,0.345972,-5.54455,8.54564,17.3559,5.65322,29.165,2.20424,0.492325125,0.837880028,0.747041457
55,47.27245209,7.6449,7.537,0.753118,0.161086,-3.25958,-0.24793,-0.316146,5.14576,32.3555,-6.99654,7.58076,-0.0706689,0.580356697,0.976071211,0.963369268
56,10.29112378,9.85945,7.99909,1.17827,0.244176,-5.64252,-0.334692,-1.2619,7.12138,31.4924,-6.15918,7.20057,0.159788,0.587349753,0.982607098,0.965299086
57,7.16545845,12.1959,8.46963,1.55425,0.315257,-7.59489,-0.501173,-1.68008,9.06088,30.8521,-5.17384,6.89223,0.376961,0.595159115,0.987832979,0.966598759
58,7.40866382,17.2234,6.72729,3.1991,0.676584,22.8092,0.0214068,-6.50589,18.3621,28.4124,-0.373897,5.18908,-5.40867,0.793680372,0.959667881,0.984321574
59,9.150828633,14.4212,6.35354,2.86375,0.579605,24.1952,0.054647,-6.3238,16.4131,26.8279,-1.23117,4.84783,-6.06347,0.807795374,0.95234505,0.973680724
60,14.35551884,11.1871,5.95582,2.48189,0.475089,24.1108,0.100762,-5.97602,14.2108,25.2278,-2.11382,4.52034,-6.67032,0.826241695,0.943311673,0.959409383
61,22.29417646,8.27907,0.596473,1.54434,-0.0907207,-11.3856,0.130229,1.71438,13.6527,41.9779,-7.39733,14.2985,10.0751,0.979171408,0.989428306,0.968134523
62,7.773780998,10.5115,0.680824,1.74098,-0.099086,-12.2079,0.0614505,1.59921,15.4056,43.3984,-6.05456,14.0684,10.0882,0.983052559,0.997038762,0.976496663
63,5.282117121,12.5918,0.751065,1.93338,-0.101718,-12.6998,0.0545411,1.53195,17.1471,44.6857,-4.79214,13.9055,10.0736,0.986775449,0.999934518,0.982096
64,4.290791377,14.5042,0.80729,2.12334,-0.0990673,-12.8943,0.15845,1.50258,18.8415,45.8188,-3.62047,13.8142,10.021,0.990337065,0.999130546,0.986979698
65,4.701062027,12.9595,-1.91587,1.83777,0.102368,17.6214,-0.432468,-3.86058,12.6231,29.1743,-1.57338,13.6457,-3.1398,0.855233826,0.904727431,0.946608953
66,9.106968338,9.79019,-2.30015,1.58669,0.0953716,16.7226,-0.480405,-3.76188,10.8191,27.2322,-2.44565,13.4674,-3.76814,0.837947256,0.89516707,0.93963472
67,4.58376003,28.1138,6.29524,2.80088,-0.276265,13.5209,-0.933446,-4.28618,15.6638,23.4559,5.4872,25.5427,2.52592,0.266460176,0.957849291,0.858597759
68,4.896371749,25.9539,6.08939,2.70204,-0.26009,16.5423,-0.995498,-4.54831,14.5807,21.4596,4.39301,25.4414,1.7707,0.252074671,0.952814415,0.840153254
69,5.384513801,23.3003,5.84214,2.57267,-0.243129,19.2995,-1.01801,-4.72255,13.4532,19.4046,3.1655,25.3079,1.00138,0.240394188,0.947174355,0.82144545
70,6.223253755,20.1377,5.54671,2.41228,-0.221103,21.5298,-0.994586,-4.81065,12.2512,17.2938,1.78856,25.1367,0.223497,0.234378895,0.940554772,0.802440589
71,7.867167357,16.4745,5.19909,2.20746,-0.199267,22.8051,-0.934736,-4.77633,10.9443,15.1305,0.258473,24.9239,-0.556731,0.229726361,0.931770255,0.782456792
72,12.56036334,12.3477,4.79909,1.96796,-0.177114,22.909,-0.847432,-4.63474,9.55129,12.9221,-1.41371,24.6674,-1.33232,0.225392138,0.922661309,0.759411288
73,25.63115057,9.07457,4.88751,2.72863,-0.296953,-17.7781,-0.196438,-3.90734,15.9865,37.9935,2.19265,22.2038,6.73628,0.930491662,0.999003046,0.999723562
74,12.42307953,11.5679,5.0953,3.14412,-0.348618,-19.2971,0.0980744,-2.8978,19.3552,38.258,3.02878,22.7066,6.502,0.909734003,0.999963076,0.998276325
75,8.977050612,13.8554,5.28463,3.46022,-0.382818,-19.3094,0.247191,-1.70999,22.0741,38.5666,3.84969,23.2185,6.25543,0.886047978,0.999547678,0.996601433
76,8.270920963,15.8208,4.40154,4.11501,-0.314887,25.0708,-0.632967,-7.3718,23.478,35.667,4.44526,22.6405,2.98934,0.513930511,0.944092126,0.954737261
77,10.46281394,13.6251,3.98918,3.89446,-0.300176,29.2688,-0.608745,-7.72433,22.2483,34.243,2.83811,22.1529,2.45257,0.49679542,0.937584233,0.950363029
78,16.54476505,10.9718,3.52683,3.61097,-0.282609,32.4959,-0.58151,-8.05016,20.5533,32.6113,0.945615,21.6567,1.86114,0.480108628,0.929433213,0.946061971
79,3.107785393,16.2094,1.87608,1.8487,-0.22027,-7.45052,2.29038,-3.82911,14.8811,36.0769,-1.1982,21.654,1.87832,0.908847384,0.999995606,1
80,3.11600449,17.8999,2.01381,2.19226,-0.288773,-8.29609,2.30385,-4.25401,17.9512,36.2414,-0.515156,21.6723,1.8788,0.884830275,0.999758343,0.999777014
81,3.365525188,20.1794,2.01571,2.85416,-0.0897608,25.7621,0.446527,-6.32084,14.9094,25.9252,-0.328296,19.7246,-2.47296,0.420007479,0.910190448,0.941716386
82,4.038558867,16.8607,1.85117,2.57211,-0.0805773,27.3075,0.377554,-6.1502,13.241,23.4476,-1.85173,19.4386,-2.84293,0.438476795,0.896442373,0.932230459
83,5.801517725,12.9947,1.65887,2.23133,-0.0771917,26.8684,0.320906,-5.76461,11.3575,20.9241,-3.38922,19.1951,-3.17694,0.460370567,0.880541355,0.922630025
84,19.7736392,8.64682,1.44018,1.83524,-0.0760983,24.1753,0.245499,-5.14355,9.27416,18.4192,-4.86713,18.9907,-3.46153,0.482469894,0.864044983,0.91114928
85,7.770363927,10.7387,-0.367208,2.26836,-0.648311,-15.8865,1.13869,2.16334,20.6366,25.9268,-7.68738,14.5455,3.52321,0.97060239,0.976305326,0.884507375
86,4.566103352,14.4728,-0.246409,2.7417,-0.724086,-14.9925,0.270041,1.7864,23.6588,27.2178,-7.0984,14.1238,3.09801,0.954891456,0.965606362,0.91607424
87,3.89159601,17.898,-0.56698,3.41112,-0.623906,9.59989,0.454044,-1.58254,25.6417,23.6423,-9.26667,13.8018,0.940855,0.865642491,0.918703568,0.998421203
88,4.332638681,15.8707,-0.845823,3.09317,-0.53975,14.1731,0.409765,-2.48257,23.0773,21.4236,-10.5558,14.0967,0.328701,0.836589435,0.895427435,0.999959169
89,5.557120149,12.8754,-1.16981,2.60866,-0.441585,15.5841,0.332935,-3.01063,19.4325,19.2924,-11.9155,14.525,-0.300086,0.805484033,0.867102647,0.997885864
90,13.219008,9.07493,-1.50316,2.00834,-0.33387,13.7617,0.209242,-3.21367,14.8309,17.592,-13.2153,15.062,-0.935333,0.769916277,0.828575913,0.993621297
91,2.007307962,21.5818,1.39416,2.19523,0.000556955,12.1316,-0.50187,-3.14974,13.6801,29.6864,25.5482,5.29322,-1.99801,0.189138066,0.760754621,0.867661395
92,2.166463531,19.679,1.23255,2.06734,0.0103047,13.2382,-0.607213,-3.20158,12.6282,28.2705,24.597,5.30742,-2.3665,0.183789842,0.730960901,0.841360061
93,2.419720992,17.5174,1.05282,1.92028,0.0125622,13.9704,-0.666517,-3.19994,11.518,26.865,23.5279,5.30603,-2.71054,0.178430586,0.700292103,0.814258542
94,2.869267135,15.1008,0.854461,1.75332,0.0161196,14.1968,-0.667539,-3.12655,10.358,25.4729,22.3545,5.28728,-3.02634,0.173109442,0.671878787,0.787236407
95,3.86537769,12.4395,0.638189,1.57123,0.0194151,13.893,-0.617848,-2.99584,9.16266,24.0977,21.0963,5.24951,-3.31061,0.167841454,0.642536985,0.758991766
96,7.65459913,9.5519,0.406008,1.37994,0.0206521,13.0735,-0.53826,-2.79443,7.96903,22.7444,19.7779,5.19144,-3.56062,0.162890398,0.612311889,0.729072134
97,3.461744748,26.2585,3.76839,3.76834,0.719104,24.8539,-2.54022,-5.49259,21.3646,30.98,-2.3994,27.6357,-1.46507,0.699265042,0.936927824,0.970665538
98,3.679096974,23.9435,3.6135,3.54474,0.67903,28.4787,-2.26059,-5.72193,19.7699,28.8479,-4.28416,27.3267,-1.59595,0.680293114,0.920669178,0.962009794
99,4.033751731,21.1488,3.42469,3.26572,0.633523,30.766,-2.01005,-5.85676,17.946,26.6597,-6.30538,26.9944,-1.70092,0.662783492,0.902853654,0.949811068
100,4.688853173,17.8885,3.19944,2.9357,0.579814,31.3973,-1.77095,-5.88625,15.8903,24.4588,-8.41672,26.6417,-1.78083,0.645040118,0.882502377,0.933649952
101,6.197260376,14.1998,2.93872,2.56151,0.517826,30.1891,-1.53492,-5.70646,13.6763,22.2897,-10.559,26.2724,-1.83675,0.626992324,0.861423937,0.91512019
102,12.39465247,10.1484,2.64804,2.14821,0.441454,27.1073,-1.28398,-5.2822,11.3605,20.197,-12.6632,25.8916,-1.86976,0.608634674,0.839758171,0.895416091
103,2.979877332,34.9148,2.3619,3.84343,-0.261594,-0.415145,0.0821183,-6.59353,21.6507,42.9542,20.7006,24.7052,-4.87552,0.849020914,0.91021394,0.770188197
104,3.061353422,34.0759,1.97289,3.84024,-0.230931,6.15986,-0.0287632,-7.10111,20.7709,39.3562,19.0714,23.769,-6.19754,0.870352939,0.891278294,0.752597834
105,3.188529278,32.0957,1.63225,3.73056,-0.190568,14.9478,-0.189713,-7.37622,19.3368,35.0925,17.3977,22.5246,-7.47281,0.893958101,0.870996687,0.732352975
106,3.43636296,28.5881,1.34999,3.49541,-0.144341,24.2186,-0.401317,-7.36518,17.3515,30.2685,15.8173,21.119,-8.65126,0.914770887,0.846720218,0.709338373
107,4.011176751,23.2282,1.11828,3.11123,-0.0986913,30.884,-0.63758,-7.0354,14.7986,25.1378,14.374,19.7341,-9.70257,0.93146395,0.817711374,0.683312013
108,5.88419107,15.9523,0.91649,2.54321,-0.0644754,31.3369,-0.818131,-6.1727,11.7331,20.0889,13.0572,18.554,-10.6085,0.944773406,0.782482837,0.65810774
109,3.063892528,16.6135,5.32108,1.61453,-0.154256,-6.70673,0.569729,-0.756078,9.88201,30.1207,-10.8447,25.3051,6.75123,0.97439837,0.93323131,0.99967472
110,2.981597477,20.8065,5.5784,2.24532,-0.194441,-9.46988,0.692957,-0.590022,13.5203,31.6018,-8.32423,24.8285,6.75242,0.977454268,0.92283173,0.999788779
111,3.041878534,29.5638,6.29828,3.66098,0.0157001,18.4434,0.676265,-5.92499,18.3329,28.6091,-4.87786,24.4691,0.00814334,0.861443346,0.797277508,0.934884821
112,3.63421012,23.8819,5.9841,3.32388,0.0238063,22.7045,0.356755,-6.18074,16.1417,25.4237,-8.23672,23.851,-1.26903,0.823884102,0.776575579,0.930343572
113,5.2125915,16.8637,5.57021,2.81811,0.0220948,23.7135,0.0620187,-6.07045,13.4638,21.9698,-11.7451,23.3141,-2.62607,0.784321548,0.753108883,0.921125892
114,19.22735299,9.22395,5.09818,2.1544,0.00947757,20.1729,-0.156803,-5.35837,10.368,18.6377,-14.7345,22.9133,-3.99473,0.742551957,0.727216463,0.900544527
115,3.867916848,25.594,11.6469,4.02855,-0.124186,22.1965,-0.913756,-7.11432,18.3058,34.7242,11.923,23.6175,-4.9921,0.927370078,0.782415779,0.911568536
116,4.219687009,22.9165,11.1531,3.78723,-0.14156,24.4205,-0.943812,-7.23154,16.8547,33.1907,11.143,23.5431,-5.5975,0.928930595,0.75919647,0.901226289
117,4.760381893,19.9019,10.6477,3.48435,-0.159836,25.6171,-0.959655,-7.18401,15.1563,31.5332,10.2732,23.44,-6.18029,0.929880777,0.737103175,0.88957016
118,5.727295632,16.5839,10.1377,3.12441,-0.175413,25.4972,-0.955019,-6.9265,13.262,29.7738,9.33588,23.3067,-6.73639,0.931163868,0.717040051,0.876139381
119,7.959615412,13.0188,9.63071,2.70896,-0.184565,23.8582,-0.932115,-6.41076,11.2409,27.9473,8.36129,23.1433,-7.26129,0.93333472,0.696416014,0.859766056
120,18.85233772,9.28827,9.13515,2.26606,-0.190485,20.9294,-0.890404,-5.67108,9.20874,26.0995,7.38549,22.9511,-7.74978,0.936032681,0.674452481,0.843023203
121,5.833780203,24.4166,5.43977,2.68099,-0.235017,17.2444,-0.699842,-4.53373,12.1486,17.2796,-0.485941,22.3769,-1.23445,0.678909838,0.933959847,0.913763526
122,6.324680563,21.7074,5.38158,2.46993,-0.224239,17.4445,-0.8415,-4.36705,10.747,15.7267,-1.7143,22.2954,-1.3837,0.676920592,0.922035931,0.895761427
123,7.12693889,18.7614,5.30758,2.23706,-0.210183,16.9557,-0.896055,-4.13238,9.39972,14.2486,-2.95811,22.2125,-1.51929,0.674949807,0.909076934,0.877289289
124,8.641073095,15.6419,5.21831,1.99582,-0.191014,15.8766,-0.879509,-3.92506,8.12327,12.8677,-4.18268,22.1303,-1.63689,0.674008262,0.894929133,0.857859922
125,12.17443206,12.4265,5.11627,1.74818,-0.175946,14.2466,-0.808461,-3.63327,6.95429,11.607,-5.35011,22.0502,-1.73248,0.674165186,0.879331195,0.838296748
126,27.65528236,9.20223,5.00585,1.49436,-0.158059,12.1768,-0.693136,-3.30363,5.84052,10.4902,-6.4211,21.9724,-1.80258,0.674682113,0.862682804,0.818675249
1,7.323043764,22.7295,4.67592,3.33637,-0.38796,12.8379,-0.00930802,-6.47743,18.8524,37.6619,24.3519,27.7577,-6.84263,0.640478922,0.692178049,0.981814919
2,7.868058414,21.1741,4.33053,3.24094,-0.371587,16.3801,0.0121867,-6.65623,18.1251,35.516,23.902,27.5143,-7.739,0.646177241,0.676509866,0.974305832
3,8.735581372,19.2113,3.95285,3.11051,-0.354244,19.797,0.0389742,-6.78743,17.208,33.1804,23.2871,27.2511,-8.64697,0.653676184,0.663034086,0.96599798
4,10.22915587,16.8208,3.54472,2.93581,-0.337003,22.7373,0.0437456,-6.82493,16.1064,30.6735,22.4962,26.9806,-9.56297,0.662212682,0.650884222,0.956243908
5,13.34841843,13.9955,3.10922,2.72126,-0.312927,24.8578,0.0413061,-6.77309,14.7731,28.0225,21.5246,26.7158,-10.4811,0.669157165,0.64108149,0.945078803
6,23.20173912,10.7456,2.65098,2.46422,-0.289143,25.8065,0.0249709,-6.56085,13.2591,25.2639,20.3761,26.469,-11.3928,0.674531591,0.633011733,0.932886213
7,10.3665838,7.06054,-0.826188,-0.071679,-0.00743107,0.162332,0.238471,0.0228812,0.875537,31.6554,-3.85537,17.165,7.54879,0.999975442,0.990448311,0.999804381
8,19.03845659,7.79413,-0.762975,0.288564,-0.106358,-0.771201,0.892418,-0.951241,5.29574,32.4526,-3.3237,16.9542,7.62945,0.999914046,0.992842135,0.999311499
9,16.93060783,8.69994,-0.682231,0.715531,-0.33722,-2.33951,1.65392,0.0617237,18.4808,33.4867,-2.5952,16.7203,7.73064,0.999545669,0.994579664,0.99646736
10,12.98300193,9.76904,-0.598463,0.96133,-0.634767,-3.66347,-0.607711,-0.527375,26.4911,34.7427,-1.71444,16.4743,7.85011,0.998901011,0.996208598,0.992806225
11,12.66855795,11.9795,-0.353647,1.76144,-0.222506,14.3672,-0.119011,-3.12884,10.4464,30.5017,-4.17517,14.9507,5.14988,0.79561264,0.905502963,0.765202149
12,23.85100667,9.37993,-0.544321,1.49078,-0.186888,13.0606,-0.118119,-2.86776,8.79575,29.3202,-5.21036,14.7747,4.80206,0.785224433,0.884883968,0.753792986
13,3.9655559,23.7369,3.42428,3.93126,0.0556672,16.0461,0.0698596,-6.4516,24.1123,23.4307,12.5693,11.687,-4.85301,0.925576067,0.932285469,0.923656115
14,4.188198383,21.8999,2.96353,3.71181,0.0585832,21.0296,-0.031148,-6.73922,22.2022,20.9616,10.7529,12.0154,-5.47692,0.915031395,0.92069533,0.913033638
15,4.556010242,19.5856,2.4896,3.42537,0.0634798,25.5727,-0.187203,-6.94256,19.9348,18.458,8.71918,12.3536,-6.11589,0.904508093,0.908476786,0.900192907
16,5.291870767,16.7156,2.01287,3.07997,0.0667458,28.9398,-0.406367,-6.93416,17.4357,15.9374,6.47603,12.7064,-6.76248,0.893950598,0.895857635,0.884304097
17,7.269337937,13.2121,1.54263,2.68991,0.0699819,30.3345,-0.621785,-6.67146,14.8293,13.4349,4.04025,13.081,-7.4102,0.886397928,0.882280166,0.868153047
18,20.61044448,9.02636,1.08994,2.26756,0.0671074,29.2513,-0.765589,-6.18589,12.1607,11.0049,1.4535,13.4854,-8.05315,0.882380095,0.868038945,0.851179357
19,2.784029124,24.1657,-1.10245,3.02558,0.0317623,20.5816,1.27327,-7.1761,17.3589,30.5606,4.29714,26.2383,-2.16387,0.765588629,0.890382131,0.867883889
20,2.964596756,22.1062,-1.46735,2.84893,0.035147,24.1663,1.13206,-7.152,16.1405,28.0639,3.81955,26.2605,-2.5655,0.746602852,0.875969129,0.85169131
21,3.31754177,19.467,-1.8311,2.64414,0.0365093,26.9784,0.993082,-7.07342,14.7419,25.4125,3.10963,26.2833,-2.98724,0.727309198,0.861041614,0.834425614
22,4.081624613,16.1912,-2.18472,2.4047,0.036683,28.5305,0.827457,-6.86712,13.1801,22.6217,2.12867,26.3092,-3.42549,0.707782303,0.845632708,0.816247768
23,6.399671075,12.2542,-2.51743,2.13082,0.0305992,28.4818,0.642339,-6.49244,11.5196,19.7158,0.859333,26.3407,-3.87503,0.688022167,0.829850614,0.797165436
24,68.85337215,7.68161,-2.81669,1.83628,0.0195093,26.8212,0.435347,-5.95642,9.77729,16.7333,-0.686039,26.3804,-4.32853,0.667315075,0.813536342,0.776481094
25,3.954072185,23.9183,2.65494,3.16302,-0.0761951,20.9363,1.13964,-7.22875,17.7338,32.4045,1.21676,27.3758,-0.369786,0.588607987,0.905412563,0.921413284
26,4.266772249,21.6582,2.42403,2.97246,-0.0699826,23.547,1.05007,-7.20873,16.4545,30.2752,0.480785,27.0093,-1.02843,0.598911482,0.893322937,0.907890951
27,4.799996378,18.9766,2.2008,2.74504,-0.0641096,25.3921,0.945321,-7.05151,14.9982,28.0292,-0.387871,26.6184,-1.65527,0.610588316,0.880155653,0.892502017
28,5.838662876,15.8566,1.98654,2.47375,-0.0537227,26.0622,0.811783,-6.71949,13.3556,25.6951,-1.38736,26.2126,-2.24377,0.622747885,0.866524941,0.874783341
29,8.647484365,12.3005,1.78192,2.16873,-0.0480645,25.3828,0.650194,-6.20894,11.5256,23.3101,-2.50972,25.8013,-2.78818,0.635204323,0.853273063,0.856496263
30,34.47590472,8.33784,1.58717,1.83221,-0.0493733,23.2358,0.453794,-5.47415,9.61897,20.9201,-3.7392,25.3934,-3.2836,0.646782202,0.840194052,0.837247816
31,2.650915997,24.4227,2.13723,3.19777,0.105262,19.1166,0.0357663,-4.17964,19.0415,35.8786,15.9759,18.6345,6.476,0.526550721,0.952479299,0.951322935
32,2.803160416,22.2641,2.01516,2.97764,0.101223,21.6359,-0.0573025,-4.4465,17.5713,33.9651,14.5353,18.4851,6.2323,0.516759553,0.943621933,0.940198967
33,3.061733255,19.7004,1.86754,2.71941,0.0914835,23.2263,-0.123853,-4.64071,15.9658,31.9556,12.8881,18.2568,5.97791,0.507353721,0.93216984,0.928106412
34,3.56288686,16.7408,1.69102,2.43434,0.0805133,23.7422,-0.15088,-4.7412,14.2408,29.8627,11.0253,17.9497,5.71399,0.498103058,0.918046705,0.91549629
35,4.739491036,13.409,1.4878,2.12037,0.0702076,22.9582,-0.121631,-4.7023,12.3968,27.6969,8.96483,17.5661,5.44268,0.490251503,0.902635746,0.901791887
36,9.881995513,9.74444,1.2654,1.7952,0.0550631,21.0077,-0.0711157,-4.51027,10.4727,25.469,6.75204,17.1109,5.16695,0.481895649,0.882870035,0.886734418
37,39.96504784,7.83906,3.78615,2.20364,-0.13547,-11.7905,0.663308,1.26759,15.4333,24.9232,8.67427,14.0418,4.93466,0.772872093,0.9999084,0.998449321
38,8.603029622,10.1529,3.84151,2.45446,-0.136177,-12.98,0.37063,1.47967,16.8717,25.8018,9.69922,14.2535,5.05722,0.788563009,0.999089728,0.998942488
39,5.368186579,12.3935,3.87877,2.70986,-0.13305,-13.8867,0.00336039,1.42875,18.2768,26.6845,10.75,14.5026,5.12015,0.804310595,0.997772982,0.999323802
40,4.749550749,15.0178,2.62059,3.59854,0.0720329,23.6405,0.0167583,-5.5973,20.9425,20.3673,12.9969,17.6642,-1.00223,0.945730333,0.973699427,0.978692142
41,6.610071205,12.321,2.48986,3.29016,0.0755543,24.8337,-0.038219,-5.6701,18.9527,18.6585,11.9348,17.5605,-1.61675,0.951434976,0.966898147,0.974370577
42,14.56433465,9.31015,2.35861,2.94028,0.0749014,24.6255,-0.103648,-5.59392,16.7691,16.918,10.858,17.4318,-2.22531,0.957221474,0.959547268,0.969245709
43,2.351872614,22.1979,-0.137399,1.82653,0.0906951,14.3668,-0.24601,-3.90559,11.3439,24.0415,-5.12351,14.2012,-2.36038,0.570553276,0.576029594,0.912070658
44,2.571958026,19.6304,-0.436219,1.66814,0.08841,14.1168,-0.267708,-3.81129,10.2333,22.8982,-5.80601,14.0355,-2.80946,0.568713167,0.552169234,0.902480046
45,2.922078349,16.875,-0.733609,1.48597,0.0816014,13.1803,-0.277391,-3.55871,9.1057,21.8562,-6.44059,13.8626,-3.22622,0.567290812,0.527191122,0.892607499
46,3.555565593,13.9962,-1.01924,1.27744,0.0695421,11.5682,-0.262785,-3.17091,7.88731,20.9265,-7.01005,13.684,-3.60494,0.566092254,0.500828797,0.882073867
47,5.157723124,11.0697,-1.28201,1.0547,0.0569578,9.51524,-0.254397,-2.73208,6.62996,20.1201,-7.49886,13.5016,-3.94067,0.565147333,0.473902406,0.871224274
48,17.11891364,8.17841,-1.51126,0.830764,0.0432369,7.27859,-0.222783,-2.23305,5.3408,19.4492,-7.89439,13.318,-4.2296,0.56433669,0.446083198,0.860092747
49,2.489724339,27.4725,3.81302,2.94043,0.371615,21.2287,-0.0043871,-6.41103,16.7957,25.7068,11.0328,28.6883,1.90713,0.475108837,0.81525865,0.86494824
50,2.654836211,24.5976,3.78049,2.71606,0.345984,23.169,-0.086534,-6.37403,15.1181,23.7735,10.0258,28.5915,1.39258,0.443102564,0.791911456,0.849347511
51,2.935430105,21.1633,3.71829,2.43608,0.312467,23.8757,-0.139996,-6.1754,13.1999,21.8033,8.89001,28.4707,0.874299,0.417654388,0.76773929,0.831623597
52,3.500686175,17.2014,3.61828,2.10389,0.263315,23.0273,-0.157268,-5.77463,11.067,19.8083,7.63048,28.323,0.353915,0.399331584,0.741883798,0.813281461
53,5.094995212,12.7943,3.47536,1.72602,0.206577,20.5086,-0.172151,-5.0509,8.85264,17.8054,6.26591,28.1453,-0.166493,0.381464652,0.715389311,0.792717787
54,26.67287514,8.07582,3.28935,1.31045,0.140032,16.3711,-0.225418,-4.00015,6.72648,15.8188,4.82966,27.9347,-0.683792,0.363446006,0.69039694,0.772561576
55,14.15193528,9.34696,7.0749,1.29934,0.286464,-6.47855,-1.05215,0.603735,9.46702,33.8766,-6.12518,8.63345,0.530657,0.996992437,0.97963369,0.96632308
56,8.813525766,11.8162,7.46724,1.76601,0.374338,-9.39166,-1.13483,-1.17144,11.3956,33.4334,-5.03021,8.23833,0.627325,0.99486249,0.987801482,0.971953331
57,7.274758967,14.3778,7.85536,2.26311,0.463933,-12.382,-1.00866,-1.63677,14.1758,33.1334,-3.93623,7.92902,0.737647,0.993048091,0.995209714,0.977028692
58,7.271411365,15.0441,6.51953,2.46916,0.532818,18.4274,-0.0955827,-4.60804,14.4911,28.5202,-4.92261,8.00684,-3.37235,0.95061088,0.905728594,0.960843899
59,9.784769514,12.243,6.21272,2.14244,0.444096,18.2289,-0.0394798,-4.36154,12.5441,26.9181,-5.82268,7.5541,-3.95545,0.951892793,0.900128112,0.948093036
60,22.39634567,9.0915,5.87565,1.80244,0.354604,17.0135,0.0143477,-4.00386,10.5271,25.3291,-6.74343,7.10932,-4.51993,0.953268383,0.893697179,0.932742031
61,19.27027552,8.67418,0.385659,1.86567,-0.275313,-11.6775,-1.76328,0.991469,24.1858,39.6118,-8.96291,15.6009,14.0116,0.999890199,0.992068848,0.890685373
62,7.982936639,10.7088,0.458921,1.89607,-0.259614,-11.8714,-1.50017,1.7432,22.6604,41.338,-7.62849,15.8081,14.0687,0.999359494,0.994829584,0.909858939
63,5.128999851,12.6934,0.508898,1.91266,-0.216696,-11.7555,-0.877048,2.12533,21.2217,43.0883,-6.44413,16.0334,14.0729,0.99652907,0.997426721,0.92766406
64,3.957393071,14.5912,0.544551,1.98139,-0.186116,-11.7583,-0.387236,2.15507,20.8924,44.7765,-5.38663,16.2666,14.0153,0.991710028,0.999154738,0.941881325
65,5.544895513,11.2709,-1.8655,1.53066,0.121308,16.3713,-0.319728,-3.88179,10.3221,31.6193,-3.94306,14.0542,-1.52549,0.711070986,0.861482618,0.932716191
66,50.99077851,7.64893,-2.242,1.28454,0.104451,14.8033,-0.328579,-3.633,8.64853,29.7274,-4.83301,13.8168,-2.15469,0.686353571,0.83838105,0.930094296
67,6.564153067,12.3717,5.40969,1.03327,-0.38538,-1.40902,-0.336642,-1.90698,12.7211,32.8326,2.13209,25.6506,8.10361,0.979031668,0.94122395,0.98594835
68,6.877452542,19.8913,4.5497,2.61695,-0.189864,15.7613,-0.0194491,-5.48109,15.5878,28.7367,6.59906,26.0577,1.13763,0.561522307,0.86468542,0.754982302
69,7.939509285,17.6075,4.39025,2.49295,-0.17587,17.9426,-0.0146164,-5.48286,14.6958,26.8246,5.81734,25.755,0.460206,0.544604427,0.849792224,0.735312588
70,9.996340335,14.9193,4.20019,2.34224,-0.165145,19.7473,-0.00758848,-5.4406,13.6809,24.7191,4.88431,25.4226,-0.252373,0.527701961,0.834617828,0.715188757
71,15.38932917,11.8073,3.9697,2.15747,-0.152226,20.8646,0.00409062,-5.31967,12.5647,22.4157,3.77048,25.0654,-0.99967,0.510443064,0.819099743,0.692623078
72,62.70406162,8.27464,3.69255,1.93876,-0.137972,21.0335,0.023494,-5.13312,11.3276,19.9212,2.46426,24.6893,-1.77948,0.493193801,0.803040087,0.667929542
73,17.79422676,9.98215,4.97749,2.84913,-0.315789,-17.4756,-1.02906,-4.06276,16.3452,40.779,3.06978,24.1355,5.86836,0.935857491,0.997525962,1
74,10.84377736,12.4509,5.17398,3.30113,-0.367038,-19.04,-0.946419,-3.90269,19.2951,40.9794,3.89546,24.7175,5.66202,0.91760363,1,0.999875876
75,8.322894385,14.6821,5.35878,3.60198,-0.400741,-18.6873,-0.516159,-2.25006,22.2846,41.208,4.65494,25.3518,5.45906,0.898299919,0.999185378,0.999479862
76,9.825812496,13.97,4.10274,3.852,-0.272962,24.0913,-1.2233,-7.67382,21.6965,37.1019,3.46051,26.7177,1.35255,0.61130317,0.91337851,0.967863771
77,13.61138235,11.7787,3.6661,3.61207,-0.256358,27.4877,-1.1394,-7.98642,20.2489,35.6634,2.03896,26.1755,0.681123,0.605007451,0.903259092,0.961840814
78,30.23985912,9.12809,3.18983,3.31522,-0.242627,30.1013,-1.08714,-8.16186,18.4507,34.0024,0.357415,25.6083,-0.0220585,0.604204145,0.892922442,0.955475039
79,2.850286322,25.0699,1.8593,3.27829,-0.184,15.2754,0.3234,-6.19701,18.4796,32.3386,4.04294,20.3456,-3.59881,0.39551952,0.908588289,0.965893481
80,3.012463358,23.4341,1.73358,3.16404,-0.171094,19.6569,0.24458,-6.36251,17.5371,30.4627,3.105,20.2015,-3.80993,0.354017141,0.900537786,0.959256854
81,3.278350155,21.2553,1.5787,3.00116,-0.159938,23.6764,0.178224,-6.54359,16.2995,28.344,1.93117,20.0278,-4.05938,0.323140539,0.890593302,0.952173218
82,3.752133725,18.4877,1.3967,2.78047,-0.149339,26.7315,0.117445,-6.58591,14.8039,26.0215,0.59463,19.8308,-4.33708,0.340090947,0.879791966,0.944574052
83,4.752833288,15.1101,1.19116,2.48806,-0.136452,28.0002,0.0642973,-6.41261,13.0486,23.5503,-0.811809,19.6193,-4.62757,0.367016656,0.868260839,0.935177058
84,8.177356794,11.1382,0.967031,2.1348,-0.131388,27.0698,-0.00685011,-5.96805,11.0721,21.0006,-2.18681,19.4026,-4.91101,0.394554814,0.856429977,0.923796255
85,26.47495919,8.16473,-0.507521,1.97715,-0.686555,-14.6838,1.15785,1.34199,23.6799,27.106,-4.51334,14.5504,4.28373,0.99557774,0.999974091,0.909581828
86,5.598872327,12.4155,-0.339083,2.41557,-0.77003,-15.7952,0.146622,2.57219,27.3647,30.1156,-3.63159,14.4031,4.14592,0.997470413,0.996579994,0.936237799
87,3.774073953,15.865,-0.24176,2.69266,-0.692847,-13.471,0.634235,2.61696,26.7423,32.1908,-3.2733,14.3332,3.90659,0.998288012,0.988818358,0.961962345
88,3.629579712,17.3093,-0.824686,3.01093,-0.48083,12.3384,0.819854,-1.45894,22.977,26.1653,-8.23527,14.8223,0.823785,0.999241124,0.922572407,0.996182775
89,4.26364956,14.4897,-1.06506,2.56597,-0.398493,14.074,0.478516,-2.10983,19.4215,22.9907,-9.91714,15.1082,-0.0229127,0.995993315,0.899890812,0.990664219
90,6.56834968,10.8632,-1.29168,1.98586,-0.303292,12.5379,0.215928,-2.41872,14.8945,19.9848,-11.5003,15.4893,-0.835644,0.984429488,0.857459054,0.979147935
91,1.958599123,23.2128,1.59734,2.37296,0.0701961,14.1256,0.172368,-3.53873,14.7249,35.4253,27.1389,5.83039,0.736599,0.22180606,0.701082949,0.792813209
92,2.086297936,21.0731,1.45732,2.20427,0.0763839,15.5898,0.0103246,-3.64061,13.4116,33.824,26.3258,5.52678,0.237132,0.215952441,0.66729388,0.765023158
93,2.299530828,18.5782,1.31614,2.0069,0.0807307,16.2307,-0.0944893,-3.64964,11.9945,32.239,25.46,5.19325,-0.230572,0.210872918,0.631506966,0.735880341
94,2.690248202,15.7632,1.17495,1.77935,0.0824385,15.9052,-0.13405,-3.5647,10.4404,30.6872,24.5649,4.83429,-0.659137,0.206048587,0.594370276,0.705980471
95,3.550204575,12.6867,1.03554,1.51114,0.0802255,14.4706,-0.114575,-3.31076,8.74856,29.1877,23.6672,4.45484,-1.04217,0.201698447,0.559723073,0.677257135
96,7.113501286,9.4298,0.900212,1.21366,0.072896,12.0796,-0.0879068,-2.84711,6.95691,27.7613,22.7944,4.06041,-1.37457,0.198035715,0.523198698,0.648389835
97,3.09097615,27.7224,3.84511,3.60578,0.604959,24.7384,-1.26679,-5.67349,19.8696,30.1185,-2.92086,25.7497,0.22648,0.766543189,0.975819429,0.989538834
98,3.261166526,25.1947,3.60004,3.36342,0.565532,27.8952,-1.09317,-5.88017,18.2163,27.9939,-4.97658,25.4057,-0.163336,0.744075883,0.970246354,0.983066206
99,3.547013689,22.1793,3.31868,3.07422,0.522179,29.6774,-0.959795,-5.94813,16.3982,25.8721,-7.10538,25.0443,-0.532049,0.721159567,0.96218489,0.971044612
100,4.074430907,18.7019,3.00637,2.73917,0.470381,29.7588,-0.852865,-5.86927,14.396,23.7983,-9.23864,24.6753,-0.874407,0.700735253,0.953446859,0.956689373
101,5.266933506,14.8153,2.6719,2.36598,0.411258,28.0317,-0.734102,-5.59906,12.2324,21.8186,-11.2997,24.3091,-1.18529,0.681989112,0.943695889,0.941924785
102,9.685081557,10.6063,2.32773,1.94453,0.341,24.3471,-0.555553,-4.97712,10.03,19.9782,-13.2091,23.956,-1.45995,0.669220407,0.932102517,0.926635388
103,3.031987037,33.0078,2.27299,3.66582,-0.317221,-0.359574,-0.292704,-6.172,21.0349,43.2189,19.8882,26.8003,-3.39094,0.737649637,0.917221845,0.880810564
104,3.145545626,32.1401,1.88297,3.68627,-0.293885,5.5023,-0.32411,-6.72974,20.3296,39.4563,18.4552,26.2869,-4.85517,0.738254523,0.888571759,0.862616114
105,3.317884311,30.1769,1.52479,3.60626,-0.260203,13.5454,-0.397327,-7.05709,19.0611,34.9183,17.043,25.2995,-6.24946,0.735806002,0.8582453,0.837906642
106,3.634805146,26.7421,1.20759,3.39887,-0.214041,22.2065,-0.505238,-7.1116,17.2132,29.6971,15.7423,23.9403,-7.48607,0.734417842,0.825700536,0.810855455
107,4.363138763,21.5242,0.923362,3.0403,-0.161562,28.5714,-0.606314,-6.86059,14.7716,24.0798,14.5085,22.3781,-8.52968,0.726919246,0.78422475,0.781413969
108,6.913620093,14.4724,0.657753,2.49006,-0.109027,29.0747,-0.658397,-6.05583,11.7779,18.541,13.2279,20.8259,-9.39202,0.720522665,0.74112317,0.751889891
109,2.610236175,35.8718,6.0931,3.94084,-0.0759175,3.10273,1.28352,-4.13057,22.1299,29.6354,-3.22575,24.6209,3.37991,0.91686384,0.743221357,0.999294077
110,2.766783784,34.0298,5.80639,3.93414,-0.052429,8.35964,1.14698,-4.83267,21.1986,27.9742,-4.89349,24.3703,2.2468,0.880520986,0.727330931,0.999734287
111,3.01414842,30.7935,5.45658,3.81116,-0.0297208,14.2808,0.876691,-5.43077,19.6484,25.734,-7.44361,23.9155,1.00991,0.842333934,0.707201646,0.995966718
112,3.432593533,26.1359,5.0661,3.53799,-0.0074694,19.55,0.609613,-5.80189,17.5876,22.9688,-10.5926,23.3254,-0.329661,0.803340046,0.681394938,0.989680827
113,4.274212603,20.2403,4.66733,3.08992,0.0132038,22.2788,0.328295,-5.89677,14.9885,19.8866,-13.8014,22.6888,-1.75261,0.763132702,0.653630407,0.977577017
114,6.92040403,13.5562,4.29932,2.47637,0.0251295,20.868,0.0154315,-5.59433,11.7846,16.8197,-16.4381,22.1004,-3.21143,0.721663876,0.62359367,0.954793141
115,4.752406933,22.2412,11.5416,4.09059,-0.113896,21.7694,0.776581,-6.56159,20.1089,34.2089,10.5686,24.5125,-0.062491,0.906709109,0.864490802,0.925122556
116,5.383900864,19.7092,11.0336,3.88309,-0.135376,23.3648,0.669918,-6.79036,18.9787,33.1374,10.2181,24.3991,-0.646026,0.898582884,0.849908151,0.917587069
117,6.416361868,16.9612,10.4933,3.63775,-0.153088,24.1531,0.582709,-6.92245,17.6463,31.9836,9.83288,24.2464,-1.22913,0.890418401,0.834826409,0.909849782
118,8.376645766,14.0467,9.93409,3.35082,-0.164767,24.023,0.514683,-6.92739,16.092,30.756,9.41356,24.0581,-1.80305,0.88239165,0.819090398,0.901802414
119,13.56742531,11.0189,9.36994,3.02573,-0.172411,22.94,0.449414,-6.76346,14.3772,29.4694,8.96312,23.8384,-2.35936,0.876874694,0.801244789,0.892017601
120,68.53950607,7.9349,8.81504,2.67079,-0.173438,21.0061,0.357279,-6.40626,12.5385,28.1448,8.48692,23.5923,-2.89018,0.872061704,0.785324241,0.8804855
121,5.88349299,24.0356,5.86993,2.6472,-0.15992,18.5601,0.0632524,-4.79728,11.525,17.0775,-1.2752,27.2229,-0.970617,0.589392301,0.894497235,0.910886544
122,6.442532499,21.0598,5.83646,2.40832,-0.155491,18.1458,-0.0855813,-4.58248,10.1109,15.4777,-2.37767,27.0927,-1.18567,0.573610177,0.874001439,0.889550395
123,7.405011846,17.8785,5.78392,2.15193,-0.148707,17.0488,-0.172285,-4.35211,8.71056,13.9595,-3.45469,26.9525,-1.39046,0.558900914,0.852666327,0.866257338
124,9.347051625,14.5709,5.71285,1.88886,-0.140971,15.3837,-0.209307,-4.04544,7.43116,12.5435,-4.47947,26.8077,-1.57899,0.545617874,0.828254972,0.842560476
125,14.59291691,11.2266,5.62612,1.61241,-0.129568,13.1948,-0.192318,-3.65018,6.21147,11.2496,-5.42583,26.6638,-1.74498,0.532679683,0.802236178,0.817945559
126,72.03920283,7.93908,5.52856,1.32687,-0.117987,10.6321,-0.146958,-3.2122,4.9836,10.0972,-6.26965,26.5258,-1.8823,0.523428387,0.775213201,0.791825859
1,17.50452473,8.69033,5.1763,0.758547,-0.154061,-2.86173,0.606375,-0.654939,5.78281,45.8768,15.7312,26.4958,5.64172,0.964951426,0.944068658,0.283885824
2,12.1144407,10.3977,5.27759,1.15846,-0.212569,-4.70963,0.484513,-2.02662,7.43944,45.7972,16.5834,26.1674,5.29249,0.95244869,0.922343036,0.352528015
3,9.867329268,12.2067,5.41718,1.48385,-0.261939,-6.27376,0.340933,-2.53957,9.2616,45.7732,17.4933,25.9624,4.93513,0.939132421,0.898600513,0.411444186
4,10.63107445,16.6557,4.47674,2.99999,-0.32274,24.4101,-0.326647,-6.90627,16.0336,28.1117,23.7875,28.4959,-9.22791,0.572218998,0.189207906,0.999062251
5,14.38035054,13.583,4.15239,2.75511,-0.298697,26.505,-0.346113,-6.78069,14.4907,25.232,22.5555,28.3378,-10.1898,0.571177103,0.172564916,0.999666578
6,29.41503684,10.012,3.79511,2.46691,-0.27282,27.196,-0.367547,-6.50241,12.7664,22.2322,21.0267,28.2221,-11.1791,0.574455027,0.159647754,0.999953113
7,16.1713822,8.60921,-0.740306,0.639657,-0.328897,-3.03687,-0.04952,0.437379,10.8776,35.1783,-1.99744,14.3995,8.61852,0.987046319,0.993361372,0.989916001
8,8.220130378,18.4995,0.0180159,2.67243,-0.335593,14.1458,0.333428,-3.12123,16.5209,33.565,-1.09611,15.9812,6.16269,0.800447248,0.942238604,0.700073924
9,8.963725044,16.7986,-0.102488,2.48636,-0.299371,15.4057,0.216825,-3.25228,15.1506,32.3124,-1.88268,15.9179,5.79321,0.783726264,0.928694736,0.678810916
10,10.26309779,14.8193,-0.24622,2.26936,-0.261832,16.0137,0.136012,-3.31873,13.6424,30.997,-2.74388,15.8312,5.42469,0.766325513,0.910758443,0.656299802
11,12.95654259,12.5729,-0.410909,2.02541,-0.224891,15.879,0.0831562,-3.27969,12.0297,29.6293,-3.66606,15.7268,5.0616,0.749337704,0.890509295,0.638692171
12,21.11370901,10.0802,-0.591973,1.75778,-0.185787,14.959,0.0638141,-3.13538,10.3481,28.2234,-4.63005,15.6112,4.70802,0.732889897,0.869267018,0.621310541
13,3.891773492,22.4874,3.19833,3.58051,0.0180007,14.3654,0.324258,-5.0566,22.284,21.8775,12.4503,12.1767,-6.77991,0.808687663,0.945995665,0.944144023
14,4.202451456,20.8394,2.78636,3.46676,0.0220865,19.4805,0.165615,-5.79845,20.8126,19.1627,10.5872,12.4904,-7.4943,0.790121881,0.933708379,0.934487623
15,4.68371828,18.6855,2.32954,3.27368,0.0232956,24.2373,-0.0171046,-6.07667,19.1932,16.3521,8.32531,12.8887,-8.24787,0.770920888,0.92041835,0.923941155
16,5.618259212,15.9831,1.84481,3.02332,0.0242989,27.8873,-0.152569,-6.24445,17.3147,13.4797,5.74686,13.3536,-9.01866,0.752210482,0.906778099,0.913137742
17,8.038076851,12.6918,1.35098,2.71779,0.0304899,29.6138,-0.227396,-6.41545,15.1031,10.6081,2.96675,13.8654,-9.78184,0.736015404,0.892861356,0.899795116
18,24.76463616,8.79244,0.869706,2.35938,0.0318087,28.8762,-0.289865,-6.35493,12.6634,7.83713,0.129002,14.4058,-10.5133,0.719664358,0.878579644,0.884087932
19,2.60493187,25.3858,-0.676416,3.02271,-0.0156346,22.9719,0.729757,-6.95944,16.8947,24.5214,4.20184,23.5608,-1.09364,0.942133716,0.900070309,0.897850653
20,2.776974515,23.0698,-0.99537,2.83271,-0.00217589,25.7998,0.562453,-7.00165,15.447,22.5155,3.63002,23.6608,-1.47408,0.932780475,0.888561552,0.886541211
21,3.098947328,20.2377,-1.29959,2.6193,0.011046,27.673,0.424043,-6.97262,13.8821,20.5016,2.82033,23.7251,-1.86765,0.927742228,0.877453798,0.873617453
22,3.760662587,16.8711,-1.58231,2.37934,0.0203327,28.3284,0.321861,-6.82029,12.1987,18.4932,1.75539,23.7524,-2.26922,0.922759145,0.867051807,0.859586735
23,5.557681278,12.9758,-1.83795,2.11434,0.0165089,27.6351,0.228934,-6.43987,10.5035,16.5095,0.442899,23.7426,-2.67276,0.917255075,0.856235447,0.844061621
24,20.63586613,8.59188,-2.06254,1.82402,0.00898366,25.5023,0.135375,-5.83534,8.80782,14.5819,-1.08151,23.6969,-3.07115,0.911769393,0.844470049,0.826917578
25,3.87576155,12.7593,5.2392,1.05939,-0.0553004,-5.43288,0.330384,-0.916516,6.86808,41.2381,-3.28467,25.4909,5.92683,0.975549112,0.936222976,0.940749875
26,4.150219019,22.5824,2.22431,3.06741,-0.048482,25.2374,0.399942,-7.37196,16.8326,27.2422,-0.546581,26.5753,-3.04509,0.751255173,0.958025384,0.950987095
27,4.643165068,19.7967,2.0333,2.83371,-0.0369284,26.7346,0.310244,-7.24028,15.3197,25.1324,-1.50511,26.305,-3.61257,0.758359147,0.949362148,0.941476308
28,5.578885162,16.6136,1.85052,2.56596,-0.0257187,27.0992,0.199814,-6.96187,13.6089,23.0102,-2.53632,26.0298,-4.14586,0.763303018,0.939662252,0.931434432
29,7.858537111,13.0524,1.67592,2.26092,-0.0178733,26.0998,0.0897025,-6.49192,11.7525,20.9099,-3.62532,25.7548,-4.63941,0.768441008,0.929507037,0.921117853
30,20.44768016,9.15795,1.50891,1.93193,-0.016686,23.8035,-0.0237514,-5.81345,9.8184,18.8692,-4.7536,25.4844,-5.08832,0.772590225,0.918652584,0.909067601
31,2.708746878,24.2721,2.1823,3.24051,0.105532,17.1666,0.0491179,-3.94824,19.5314,38.7325,16.3605,20.857,8.39675,0.455204392,0.92126651,0.963127118
32,2.835605691,22.3001,2.06025,3.01897,0.103414,19.9257,-0.0240166,-4.16755,18.1242,37.0337,15.2382,20.5185,8.06872,0.450461014,0.910142705,0.950527721
33,3.061441288,19.9306,1.93516,2.7674,0.0995989,21.9242,-0.0679038,-4.32723,16.5581,35.1498,13.8578,20.1302,7.74829,0.446383841,0.898086906,0.935790399
34,3.493137208,17.1564,1.79935,2.48812,0.0898866,22.9305,-0.0847786,-4.41673,14.8718,33.0914,12.1871,19.6923,7.43509,0.442122795,0.880328904,0.91989116
35,4.470025197,13.9829,1.64756,2.18316,0.0796211,22.7621,-0.0633863,-4.39498,13.0652,30.8714,10.2203,19.2056,7.12822,0.439042264,0.860711924,0.903472228
36,8.017439629,10.4314,1.47812,1.85987,0.0653434,21.3621,-0.0120962,-4.23266,11.1681,28.5059,7.98161,18.6725,6.82636,0.436409423,0.839591726,0.88645755
37,11.89616381,8.9534,3.60922,1.97985,-0.165801,-10.3767,0.286805,1.17985,14.0616,29.1851,9.6314,13.5967,2.00115,0.976097544,0.999436477,0.997850132
38,5.539822211,11.2329,3.64827,2.16894,-0.164762,-11.464,0.353274,1.49213,15.2952,30.0046,10.3085,13.6838,2.24034,0.963506452,0.998309431,0.995728992
39,3.840954137,13.4564,3.67029,2.33439,-0.155625,-12.2156,0.242186,1.35548,16.203,30.8578,11.1009,13.8378,2.43185,0.950687853,0.996923164,0.993507302
40,3.366979714,17.3253,2.87481,3.28693,0.0778936,24.9811,-0.104699,-5.5248,18.3219,20.7657,13.7392,17.7584,-2.60654,0.766840852,0.937713787,0.934905435
41,4.41975575,14.1508,2.71208,2.98168,0.0778356,25.814,-0.160078,-5.56727,16.3432,18.528,12.1884,17.6473,-3.16264,0.778827628,0.930996591,0.925659564
42,7.909754888,10.6301,2.53718,2.62864,0.0750087,24.9815,-0.199198,-5.43526,14.1628,16.2752,10.6246,17.507,-3.71583,0.790743308,0.92148432,0.912702897
43,2.218084418,24.823,0.963319,2.00755,0.154167,15.3463,0.442787,-4.12532,12.2196,31.4794,-2.32624,13.1397,-0.47913,0.861210022,0.613796583,0.934884319
44,2.374720076,22.2491,0.613479,1.85028,0.142281,15.7612,0.382954,-4.10087,11.1727,30.4686,-2.98721,12.844,-0.84805,0.859250494,0.598803003,0.925215332
45,2.614409258,19.3868,0.250166,1.66359,0.127353,15.3516,0.330047,-3.90708,10.0636,29.5096,-3.6577,12.5483,-1.18872,0.857328962,0.583435977,0.915530762
46,3.025005088,16.2881,-0.112886,1.447,0.109674,14.0737,0.28167,-3.55758,8.90022,28.6011,-4.32154,12.2546,-1.49702,0.855364005,0.567561193,0.905959166
47,3.922912483,13.0225,-0.459415,1.20873,0.0913706,12.0691,0.231493,-3.1193,7.65068,27.7431,-4.95982,11.9652,-1.76968,0.853426189,0.551221238,0.896068127
48,7.428863925,9.67679,-0.772255,0.963748,0.0689027,9.63702,0.183139,-2.63396,6.30873,26.9385,-5.55315,11.6821,-2.00433,0.851048701,0.534507836,0.885596637
49,2.048302415,30.7268,3.83548,2.77693,0.399853,19.6318,0.696997,-6.38506,16.0478,32.0515,12.5088,30.2622,3.46442,0.483268397,0.877109347,0.893974029
50,2.158517716,27.9384,3.81449,2.60383,0.376004,21.7777,0.570199,-6.40186,14.7011,30.1925,11.7043,29.9352,2.92681,0.466726082,0.861435321,0.881012454
51,2.329190373,24.5903,3.7687,2.38196,0.338265,22.9358,0.465874,-6.26604,13.1311,28.2385,10.7418,29.5667,2.37993,0.456577017,0.84220194,0.860370999
52,2.629254422,20.6958,3.68971,2.11186,0.289905,22.8329,0.378065,-5.9271,11.3806,26.201,9.62749,29.1599,1.82421,0.450276047,0.820895842,0.837804041
53,3.264016546,16.3131,3.57032,1.79124,0.235907,21.1996,0.292248,-5.32123,9.49661,24.1001,8.37871,28.7186,1.26071,0.445154981,0.798503356,0.813738416
54,5.412315199,11.5522,3.40654,1.42568,0.169802,17.953,0.167319,-4.41574,7.54579,21.9646,7.02355,28.2475,0.69149,0.440573389,0.775081658,0.788806473
55,14.99859398,10.1633,7.39098,1.91838,0.401816,-11.0829,-1.00653,-1.76664,12.1099,33.9961,-4.2094,7.01886,-0.807579,0.770030362,0.982716446,0.971187623
56,10.08948174,12.7829,7.74487,2.44554,0.488289,-14.2569,-0.737627,-2.19422,15.1092,33.5405,-3.17264,6.94945,-0.786441,0.781377246,0.988999606,0.974586222
57,8.183726902,15.2844,8.04868,2.86275,0.587146,-15.7637,-0.851544,-1.52777,17.9772,33.2839,-2.19877,6.97812,-0.777816,0.792380029,0.994528982,0.978153635
58,8.42171309,15.6653,5.86949,3.08239,0.650762,18.5766,0.264613,-5.65393,18.6786,31.7597,-4.45247,8.74045,-4.02077,0.943324618,0.95689324,0.985767589
59,10.58755548,13.2218,5.41223,2.76724,0.566416,19.8127,0.26017,-5.52674,16.8677,30.4979,-5.75173,8.16393,-4.61473,0.945551151,0.95249211,0.977773806
60,17.32296032,10.4379,4.95552,2.42521,0.482117,20.1084,0.24954,-5.28921,14.8924,29.1313,-7.03122,7.54198,-5.21654,0.947086109,0.944599254,0.96834263
61,21.99815807,8.15788,0.401491,1.33766,-0.0746958,-10.8318,0.591198,1.81676,12.4587,42.2499,-7.84307,13.7034,9.23323,0.986875748,0.997638798,0.951362056
62,6.879419496,10.6346,0.558678,1.5989,-0.0881745,-12.3717,0.632309,1.8666,15.0584,43.612,-6.58731,13.646,9.35314,0.990781406,0.9998133,0.961720877
63,4.756631427,12.9529,0.698091,1.85737,-0.0986515,-13.5337,0.360187,1.48953,17.4818,44.8224,-5.42996,13.6412,9.42026,0.993674553,0.999996339,0.970179153
64,3.913407912,15.0891,0.817254,2.08947,-0.0993516,-14.1193,0.191303,1.36388,19.6424,45.8688,-4.37811,13.6869,9.42409,0.99612724,0.999458205,0.978129477
65,3.989371017,13.7287,-2.63593,1.76657,0.133612,19.8523,-0.520441,-4.33551,11.6796,26.2213,-0.261171,13.6186,-3.36605,0.843194342,0.88189599,0.909818335
66,8.309820656,9.84447,-3.09103,1.47897,0.120555,18.1153,-0.609999,-4.09663,9.64202,24.037,-0.939482,13.4045,-3.94495,0.82956749,0.868413346,0.896862676
67,5.043919672,24.3294,6.23247,2.55567,-0.0755056,12.9047,0.640904,-4.81547,13.7844,28.2302,6.7087,38.1425,3.20737,0.36977233,0.880202008,0.760009179
68,5.51874944,22.2396,6.00647,2.47119,-0.076595,15.1974,0.60998,-4.92009,13.0257,26.535,5.9411,38.063,2.72431,0.362985616,0.866645052,0.73630025
69,6.295072505,19.6935,5.71851,2.35935,-0.076514,17.3569,0.568784,-4.99579,12.1606,24.6507,4.90929,37.9266,2.20002,0.35607853,0.852840806,0.710698882
70,7.747847195,16.6734,5.36918,2.21956,-0.0820381,19.1487,0.521424,-5.02282,11.1644,22.5664,3.6195,37.7316,1.63264,0.3490749,0.838635402,0.684431074
71,11.2296343,13.184,4.96307,2.04465,-0.0883123,20.2116,0.457853,-4.96379,10.0433,20.2822,2.09562,37.4778,1.02311,0.342671302,0.823325438,0.657462246
72,29.91500223,9.2551,4.50949,1.83997,-0.0961709,20.3206,0.388586,-4.8259,8.82827,17.8113,0.379363,37.1668,0.375409,0.336388078,0.806191028,0.630594012
73,20.25210008,8.66409,5.17399,1.66234,-0.18562,-9.91052,0.407101,1.29348,12.6246,41.162,-0.0418824,21.8828,5.99341,0.96976457,0.997402905,0.997160041
74,9.680971342,11.1478,5.37852,2.21262,-0.219121,-13.353,-0.474046,-2.04505,13.501,41.3502,1.10133,22.1076,6.04144,0.95823227,0.999516131,0.998609758
75,7.404077277,13.629,5.57459,2.7576,-0.256528,-16.0575,-0.658773,-3.94558,15.5316,41.6067,2.2076,22.4334,6.06571,0.945921138,0.999975313,0.999605974
76,8.36813692,15.0297,4.11854,3.78741,-0.238201,31.0832,-1.14605,-8.72941,20.3656,37.8714,3.22596,21.9331,0.891242,0.762032978,0.914720491,0.945520374
77,12.32160722,12.1019,3.63623,3.50145,-0.224826,34.6536,-1.11951,-8.94201,18.6505,36.3098,1.62749,21.2464,0.167068,0.761788202,0.900545094,0.935260838
78,40.36144238,8.58479,3.12155,3.12259,-0.209143,36.2489,-1.03637,-8.8256,16.6317,34.5251,-0.227809,20.5618,-0.572851,0.764130265,0.885318021,0.924830309
79,14.53273032,7.51076,1.35666,0.220303,-0.0560078,-0.528858,1.50378,1.39571,3.93553,33.2408,-2.07034,20.2462,0.296066,0.987372156,0.999064963,0.990930057
80,4.614368309,8.76758,1.42662,0.466201,-0.107847,-1.58825,2.18825,2.49901,6.69363,32.998,-1.79496,20.0538,0.272477,0.974795437,0.999909155,0.992777638
81,4.39605728,10.2668,1.51011,0.890349,-0.202229,-3.6767,1.60717,0.967008,9.4843,32.9741,-1.31718,19.877,0.2294,0.954066856,0.999305369,0.994534778
82,4.731969462,11.9348,1.60286,1.4871,-0.305493,-6.40783,1.08583,-1.50834,13.2887,33.1698,-0.673567,19.7241,0.167322,0.931421093,0.995969591,0.996240237
83,4.981801791,14.1161,0.903574,2.28408,-0.147287,22.0924,-0.0848731,-5.27931,12.7299,19.92,-3.49806,17.2025,-2.16726,0.387081767,0.857779088,0.851437689
84,8.391586408,10.7045,0.612877,1.94664,-0.127357,21.1915,-0.0663229,-4.93228,10.7356,17.7434,-4.96787,16.8222,-2.42297,0.383638506,0.844676382,0.832690556
85,4.568936024,10.8221,-0.312135,1.36566,-0.319536,-9.73328,0.921265,1.87045,12.7832,31.2693,-5.5826,12.1029,3.3078,0.917487222,0.999409111,0.974887944
86,3.395043672,14.9653,-0.166166,2.1747,-0.451692,-13.7564,1.34918,1.73871,18.9511,31.8907,-3.8431,11.938,2.88107,0.932064382,0.998227334,0.987644243
87,3.342926834,18.7852,-1.11385,3.16565,-0.516968,15.4535,0.123143,-3.63259,23.6616,19.7678,-6.01019,13.7313,-0.838589,0.996538779,0.955519543,0.991043125
88,3.706933238,15.732,-1.47511,2.60491,-0.421466,15.584,-0.0204397,-4.17781,19.1195,17.4899,-7.35348,14.4975,-1.50565,0.999536226,0.937652476,0.983467165
89,4.841412724,11.99,-1.80924,1.9181,-0.309932,12.2993,-0.141991,-4.15939,13.4772,16.1925,-8.33901,15.3406,-2.12173,0.993360704,0.915953408,0.973217113
90,21.20870318,7.94174,-2.05604,1.18098,-0.192853,7.29551,-0.171351,-3.23536,7.47359,16.1905,-8.8486,16.2072,-2.65556,0.987419511,0.888801783,0.962051536
91,1.676123423,25.7551,1.61963,2.33416,-0.00908225,13.0966,-0.183925,-3.71676,14.5385,42.0008,25.6651,7.90308,-0.0276222,0.342639934,0.764881031,0.807565502
92,1.757580104,23.6431,1.45051,2.18369,0.00187782,15.1053,-0.291847,-3.82944,13.2829,40.2284,24.7248,7.37451,-0.543517,0.322868523,0.740707755,0.781142595
93,1.894033081,21.1028,1.27282,2.00524,0.0105919,16.3777,-0.355355,-3.85189,11.9627,38.4232,23.7012,6.79709,-1.01964,0.305569645,0.713767753,0.752936462
94,2.140365821,18.1488,1.08695,1.79957,0.0163111,16.7273,-0.385486,-3.79763,10.5282,36.6073,22.6205,6.17911,-1.44587,0.289261319,0.683549841,0.724476582
95,2.657428038,14.8241,0.894961,1.56781,0.0200572,16.0327,-0.386685,-3.61168,9.0322,34.8063,21.5177,5.52997,-1.81345,0.275924265,0.65196174,0.696833941
96,4.215564488,11.2035,0.700697,1.30767,0.0207148,14.2453,-0.365013,-3.25496,7.49654,33.0499,20.4342,4.86006,-2.11546,0.268148006,0.618924403,0.668066065
97,76.60462807,7.36554,2.70793,0.354231,0.0732913,-2.06813,-0.413115,-0.165287,3.41328,37.9116,-2.373,32.6552,4.62378,0.990977515,0.976894281,0.953449453
98,5.872333922,9.59981,2.89145,0.823945,0.130439,-5.53798,-0.636886,-1.18289,5.99028,38.49,-2.19332,32.5077,4.69295,0.992675935,0.982506965,0.961827079
99,4.131894486,12.0305,3.05999,1.18023,0.176611,-8.14049,-1.2351,-1.70092,8.15714,39.2502,-1.70672,32.388,4.74232,0.99159729,0.987600703,0.969752855
100,4.231223105,19.1574,3.71238,2.95351,0.550515,30.321,-1.4359,-6.80002,15.9202,34.1343,-2.5882,29.34,-2.10186,0.927593666,0.924057457,0.947244052
101,5.265239223,15.6339,3.52353,2.61526,0.485988,30.4127,-1.21452,-6.46465,14.061,32.11,-4.09459,28.8558,-2.39454,0.929762877,0.912509636,0.930806769
102,8.458297504,11.6349,3.3128,2.21733,0.40331,28.4766,-0.892713,-5.82783,12.023,30.028,-5.67848,28.3642,-2.65827,0.93190229,0.900261489,0.913368723
103,2.679009441,36.5512,2.24121,3.63837,-0.103504,7.30357,1.13471,-6.20313,20.0689,40.1016,17.259,22.279,-3.08228,0.812815244,0.914709872,0.923665899
104,2.788940633,34.1434,1.83613,3.50648,-0.0715907,15.8638,1.00307,-6.42073,18.5942,35.9881,15.8899,21.3312,-4.7002,0.846834886,0.882487564,0.89976499
105,3.000916482,30.1794,1.52397,3.26207,-0.0373752,24.1874,0.759213,-6.51771,16.64,31.1717,14.7998,20.2783,-6.26747,0.876144218,0.845015276,0.874766055
106,3.458295547,24.4522,1.30572,2.87611,-0.00816692,28.9747,0.431982,-6.36514,14.1019,25.9914,14.0769,19.2335,-7.70255,0.902444557,0.80467535,0.847823451
107,4.748296326,17.1503,1.15134,2.32661,0.00306829,27.3716,0.0453592,-5.68341,11.0851,20.9658,13.6808,18.3053,-8.94059,0.929238611,0.760149779,0.820212198
108,17.48017672,9.08026,1.02685,1.59781,-0.0183694,19.0449,-0.305891,-4.2585,7.78125,16.681,13.5452,17.5753,-9.93306,0.951829415,0.705813582,0.791198094
109,2.793221212,35.8605,6.58966,4.21561,-0.10229,4.64935,1.06324,-4.39257,23.2534,23.0072,-4.59128,26.0449,3.6591,0.925307851,0.680579993,0.995334827
110,3.065081266,33.1997,6.12726,4.23565,-0.0991636,10.2143,0.963892,-5.16901,22.3282,20.9693,-6.89939,25.7453,2.69799,0.892808551,0.667675695,0.999629324
111,3.477278375,29.1683,5.56517,4.11646,-0.0971253,16.9042,0.738163,-5.88897,20.6759,18.552,-9.92337,25.2697,1.6085,0.853454754,0.652766342,0.99988646
112,4.19524118,23.7932,4.95074,3.81767,-0.0854241,23.2383,0.488621,-6.3621,18.4103,15.7653,-13.4487,24.7153,0.378231,0.8102034,0.63681329,0.998767753
113,5.927705696,17.2322,4.33233,3.32391,-0.0639409,26.6929,0.222387,-6.52804,15.5356,12.7977,-17.0261,24.1828,-0.978413,0.761914936,0.620437703,0.995919226
114,17.7050681,9.88149,3.75843,2.65253,-0.0388744,24.9804,-0.0417697,-6.15412,12.1292,9.99135,-20.0761,23.7567,-2.41246,0.708569716,0.596530155,0.98884633
115,3.09333357,28.9112,13.3034,3.76146,-0.0373612,24.2558,-0.0304869,-7.09368,16.758,37.2963,13.2043,23.4001,-1.39059,0.809673739,0.802957945,0.926045445
116,3.348682619,25.6434,12.7504,3.49656,-0.0655772,25.6911,-0.0748168,-7.09268,15.2928,35.8212,12.3084,23.2684,-2.00108,0.811219111,0.787168914,0.915531504
117,3.721332303,22.0843,12.181,3.17121,-0.0946505,25.959,-0.125613,-6.8903,13.6549,34.2263,11.3106,23.1314,-2.59197,0.815508601,0.77088549,0.904241749
118,4.351537338,18.2883,11.6001,2.79298,-0.121011,24.8733,-0.201107,-6.44876,11.9026,32.5363,10.2404,22.989,-3.15855,0.821848958,0.753976185,0.89195248
119,5.692248849,14.3304,11.0112,2.37035,-0.148123,22.3829,-0.302407,-5.78708,10.0527,30.7863,9.13558,22.841,-3.69641,0.830059648,0.735357541,0.878535188
120,10.71507564,10.3069,10.4193,1.93793,-0.163492,18.8612,-0.377936,-5.01284,8.18366,29.0206,8.04099,22.6872,-4.20088,0.838811941,0.714198557,0.86330925
121,6.544713869,24.4137,5.73303,3.00723,-0.170002,19.7617,0.396674,-5.11229,13.6405,18.6954,-0.567158,27.1289,-1.35673,0.61463724,0.937300024,0.897439591
122,7.188149114,21.589,5.66817,2.78522,-0.167305,20.2417,0.21635,-4.97741,12.2136,17.1432,-1.70737,26.9857,-1.55464,0.601302842,0.926554306,0.881062392
123,8.267885536,18.4786,5.58015,2.53366,-0.16073,19.9271,0.0927036,-4.77395,10.7663,15.647,-2.87116,26.8279,-1.74137,0.589924038,0.909845671,0.860029585
124,10.42518297,15.1463,5.46952,2.26881,-0.153894,18.8996,0.00894464,-4.54816,9.33595,14.2208,-4.03555,26.6598,-1.91297,0.576625116,0.889226857,0.836463424
125,16.24054118,11.6709,5.33972,1.99403,-0.146251,17.1954,-0.0205909,-4.23303,7.99905,12.8786,-5.17444,26.4855,-2.06545,0.564456979,0.867053945,0.811642885
126,70.97036035,8.14197,5.19696,1.71462,-0.137725,14.9699,-0.0261379,-3.82423,6.79894,11.6344,-6.25956,26.3093,-2.19494,0.556754336,0.842641302,0.785747164
